config,steps,paths,time_s,speedup_vs_cpu
CPU,1000,10000000,127.326,1.0
1 GPU,1000,10000000,0.21524000000000001,591.5536145697826
2 GPU,1000,10000000,0.266572,477.642062932341
